{"initial":"Idle","states":[{"name":"Idle","animation":"Main Scene","type":"PlaybackState","transitions":[{"guards":[{"inputName":"Typing Username","type":"Boolean","compareTo":true,"conditionType":"Equal"}],"toState":"Move Eyes","type":"Transition"},{"guards":[{"inputName":"Typing Password","type":"Boolean","compareTo":false,"conditionType":"Equal"}],"toState":"Close Eyes","type":"Transition"}],"segment":"Idle","autoplay":true},{"name":"Move Eyes","animation":"Main Scene","type":"PlaybackState","transitions":[{"guards":[{"inputName":"Typing Username","type":"Boolean","compareTo":false,"conditionType":"Equal"}],"toState":"Idle","type":"Transition"}],"segment":"Move Eyes"},{"name":"Close Eyes","animation":"Main Scene","type":"PlaybackState","transitions":[{"guards":[{"inputName":"Typing Password","type":"Boolean","compareTo":false,"conditionType":"Equal"}],"toState":"Idle","type":"Transition"}],"segment":"Close Eyes"}],"inputs":[{"name":"Typing Username","type":"Boolean","value":false},{"name":"Typing Password","type":"Boolean","value":false}],"interactions":[]}